term,count
code,880
new,519
language,435
version,402
use,392
features,302
like,301
time,271
don,270
java,269
lot,260
example,247
think,238
change,236
project,211
using,196
need,192
make,190
things,185
know,169
just,164
work,151
used,136
python,125
versions,119
say,119
way,118
old,118
case,117
libraries,117
working,115
tool,115
function,111
little,108
thing,108
want,105
performance,105
evolution,105
let,104
people,103
feature,101
issues,99
update,99
yes,98
important,97
software,96
better,96
00,95
lambda,94
type,94
tools,94
migrate,93
ve,92
languages,92
easier,89
functions,88
standard,86
right,86
11,85
makes,84
changes,83
problem,80
write,79
support,79
level,78
javascript,78
application,78
good,78
tests,77
main,77
years,77
evolve,77
different,76
company,75
does,74
class,74
projects,74
refactoring,72
really,72
try,68
ll,68
depends,68
test,67
process,65
team,65
compiler,65
doesn,65
method,64
long,63
migration,62
hard,61
usually,61
worked,61
started,61
newer,61
evolving,60
gets,60
doing,59
going,59
course,58
problems,58
party,57
qt,56
development,56
legacy,55
library,55
okay,55
auto,55
today,54
base,54
big,54
help,54
especially,53
readability,53
issue,52
kind,52
end,51
understand,51
did,50
stuff,50
create,50
point,49
programming,48
syntax,48
challenge,48
10,47
framework,47
major,46
program,46
systems,46
maintenance,46
won,46
security,45
migrating,45
17,45
specific,45
start,45
sure,45
times,44
expressions,44
maybe,43
modify,43
read,43
changed,43
refactor,43
anymore,42
certain,42
reason,41
changing,41
stable,41
functionality,41
impact,40
perform,40
typing,40
follow,40
cases,39
es6,39
simpler,39
instead,39
having,38
memory,38
dependencies,38
updated,38
api,38
arrow,38
expression,37
avoid,37
older,37
making,36
developers,36
bit,36
critical,36
kotlin,36
quite,35
strings,35
safety,35
factors,34
maintain,34
based,34
experience,34
supported,34
automated,34
introduced,34
lines,34
question,34
updates,34
needs,34
yeah,33
didn,33
modern,33
helps,33
recent,33
compatibility,33
annotations,33
said,32
necessary,32
developer,32
risk,32
benefit,32
low,32
longer,32
implement,32
great,32
kde,32
adoption,31
deprecated,31
readable,31
difficult,31
run,31
range,31
apply,30
tell,30
opinion,30
nowadays,30
comes,30
ones,30
null,30
add,30
bug,30
string,30
similar,29
able,29
set,29
improve,29
20,29
general,29
cost,29
touch,29
concise,29
release,29
possible,28
effort,28
added,28
demands,28
rewrite,28
production,28
interesting,28
parts,28
seen,28
adopt,27
bugs,27
modules,27
commit,27
pointers,27
clang,27
evolved,27
file,27
testing,27
got,27
variable,27
adopting,26
automatically,26
demand,26
typescript,26
happens,26
29,26
improvement,26
break,26
codebase,26
came,26
later,26
effects,26
idea,26
wasn,25
benefits,25
inside,25
keyword,25
life,25
normally,25
legibility,25
source,24
related,24
existing,24
reading,24
written,24
replace,24
boost,24
understanding,24
careful,24
day,24
technical,24
typed,24
faster,24
factor,24
happen,24
easy,24
matter,23
manually,23
decided,23
believe,23
worse,23
solve,23
wouldn,23
product,23
actually,23
saw,23
exactly,23
date,23
talk,23
codes,22
pass,22
100,22
types,22
mentioned,22
usage,22
files,22
knowledge,22
line,22
speaking,22
examples,22
object,22
previous,22
context,22
released,22
harder,22
term,21
generally,21
functional,21
sense,21
took,21
job,21
manual,21
means,21
left,21
frameworks,21
updating,21
smart,21
21,20
worth,20
consider,20
afraid,20
went,20
implementation,20
error,20
community,20
places,20
interface,20
needed,20
cleaner,20
classes,20
running,20
declarations,20
takes,20
decision,20
implemented,20
currently,20
asynchronous,20
remember,20
soon,20
declare,20
called,20
mean,20
hand,20
techniques,19
typically,19
linters,19
interact,19
past,19
data,19
anonymous,19
multi,19
obsolete,19
check,19
coming,19
basic,19
scale,18
imagine,18
var,18
unless,18
quality,18
known,18
ago,18
pretty,18
year,18
client,18
runtime,18
analysis,18
mainly,18
complex,18
apis,18
default,18
async,18
06,18
number,18
record,18
common,18
small,18
terms,18
current,18
variables,18
higher,17
smaller,17
simply,17
creating,17
latest,17
vue,17
given,17
cause,17
verbose,17
tested,17
mind,17
methods,17
resources,17
motivation,17
speed,17
getting,17
moment,17
colleagues,17
best,17
rewriting,17
js,17
practice,17
meant,17
recently,17
internal,17
integration,17
legible,17
keeping,17
pay,17
server,17
advantage,17
gives,17
giving,17
high,17
order,16
compatible,16
evolves,16
await,16
large,16
lack,16
particular,16
probably,16
behavior,16
basically,16
trouble,16
inint,16
improvements,16
thought,16
area,16
block,16
2017,16
trigger,16
automatic,16
simple,16
uses,16
deal,16
simplify,16
ide,16
ruby,16
size,16
stop,16
programmer,16
const,16
experimental,15
sets,15
users,15
nice,15
utilize,15
callback,15
reliable,15
shows,15
return,15
thinking,15
points,15
guess,15
thread,15
regular,15
decide,15
present,15
challenges,15
following,15
services,15
modernize,14
introduction,14
safer,14
aware,14
outdated,14
non,14
management,14
reducing,14
decrease,14
reference,14
ways,14
resistance,14
coverage,14
unit,14
completely,14
developing,14
look,14
modernization,14
impossible,14
improves,14
gain,14
reasons,14
construction,14
regression,14
required,14
semantics,14
happened,14
certainly,13
early,13
useful,13
maintaining,13
troublesome,13
components,13
launches,13
adapt,13
interested,13
experienced,13
results,13
review,13
market,13
writing,13
lower,13
constructs,13
threading,13
learning,13
dependency,13
cool,13
told,13
task,13
days,13
open,13
fear,13
confident,13
taking,13
ok,13
objects,13
q_foreach,13
badly,13
huge,13
immediately,13
design,13
develop,13
relation,13
regarding,13
build,13
15,13
says,13
view,13
static,13
adds,13
daily,13
entire,13
brings,12
14,12
calculate,12
complexity,12
semantic,12
2016,12
applications,12
app,12
piece,12
personal,12
include,12
promise,12
evaluate,12
infrastructure,12
concurrency,12
feel,12
ph,12
talking,12
suggestion,12
danger,12
mission,12
pressure,12
hostname,12
works,12
gains,12
come,12
collection,12
correct,12
tomorrow,12
decisions,12
tidy,12
detect,12
depend,12
depending,12
choice,12
future,12
adding,12
instance,12
platform,12
es5,12
enhanced,12
abstract,12
rejuvenation,12
list,12
goes,12
modification,12
value,12
31,12
extremely,11
growth,11
hardly,11
business,11
functionalities,11
fundamentals,11
trust,11
stack,11
improving,11
micro,11
garbage,11
structure,11
provides,11
replaced,11
stability,11
appear,11
migrated,11
mistaken,11
inform,11
typical,11
warning,11
signal,11
fact,11
biggest,11
artificial,11
study,11
suggests,11
automation,11
dart,11
database,11
obviously,11
created,11
away,11
intelligence,11
costs,11
newest,11
constant,11
environment,11
ensure,11
launched,11
optional,11
original,11
80,11
sooner,11
situations,11
slightly,11
warnings,11
modernizing,10
vector,10
final,10
collector,10
rest,10
committee,10
companies,10
industrial,10
mention,10
listing,10
dude,10
introduces,10
introducing,10
kinds,10
leave,10
lecture,10
annotation,10
necessarily,10
constructor,10
isn,10
babel,10
adopted,10
exist,10
couldn,10
person,10
personally,10
switch,10
definitely,10
learned,10
positive,10
possibility,10
crash,10
suggestions,10
https,10
implementing,10
fewer,10
figure,10
anyways,10
trivial,10
prone,10
style,10
confirm,10
control,10
replacing,10
lots,10
maturity,10
microservices,10
microsoft,10
01,10
57,10
character,10
industry,10
facilitates,10
extensive,10
external,10
upgrades,10
guarantee,10
serialization,10
finally,10
fine,10
guys,10
fix,10
happy,10
spares,10
compile,10
single,10
situation,10
world,9
12,9
2010,9
2012,9
2014,9
ides,9
technology,9
template,9
access,9
script,9
scenarios,9
safe,9
2008,9
simplified,9
blocking,9
standardization,9
aspect,9
github,9
50,9
bring,9
human,9
heard,9
lost,9
generated,9
wanted,9
web,9
finished,9
fixes,9
happening,9
linux,9
man,9
ecosystem,9
easily,9
dto,9
step,9
wait,9
offers,9
official,9
lead,9
constructions,9
statements,9
priority,9
exact,9
debt,9
algorithm,9
aspects,9
lambdas,9
prototype,9
prevent,9
possibilities,9
core,9
introduce,9
patches,9
parameters,9
months,9
android,9
solution,9
revalidate,9
collections,9
reliability,9
compare,9
reduce,9
platforms,9
coding,9
basis,9
available,9
40,9
53,9
yield,9
service,9
september,9
import,9
worthwhile,8
xml,8
32,8
documentation,8
98,8
upgrade,8
familiar,8
family,8
faith,8
shared,8
short,8
increasing,8
balance,8
average,8
typings,8
tw,8
inherited,8
porting,8
plugins,8
exception,8
exceptional,8
pr,8
rules,8
relevant,8
complicated,8
compiled,8
existed,8
somebody,8
compact,8
com,8
precisely,8
dataset,8
partially,8
esm,8
concern,8
quickly,8
suggest,8
contains,8
allow,8
air,8
threads,8
link,8
ended,8
statement,8
programmers,8
productivity,8
private,8
observed,8
table,8
performant,8
pattern,8
leap,8
everybody,8
understands,8
unfortunately,8
advanced,8
std,8
generate,8
likely,8
maintainable,8
dropped,8
34,8
firstly,8
analyze,8
module,8
difficulties,8
developed,8
mistakes,8
lose,8
loader,8
verbosity,8
bursts,8
shouldn,8
including,8
characters,8
message,8
theoretically,8
appears,8
focus,8
scratch,8
answer,8
markings,8
doubled,8
bother,8
box,8
guarantees,8
google,8
gradually,8
weren,8
wish,8
settings,8
self,8
validate,8
2018,8
2019,8
2020,8
23,8
writes,8
increase,8
48,7
2015,7
valid,7
according,7
absolutely,7
choose,7
ci,7
checking,7
sprint,7
blogs,7
spent,7
included,7
improved,7
startup,7
stakeholders,7
price,7
contributors,7
convenience,7
convenient,7
conventions,7
reached,7
conflicts,7
conferences,7
student,7
strong,7
operator,7
launch,7
environments,7
knew,7
january,7
involved,7
interview,7
practices,7
possibly,7
practically,7
coroutine,7
coroutines,7
correctly,7
pitfalls,7
place,7
intellij,7
initial,7
expect,7
expensive,7
incremental,7
removing,7
records,7
specifically,7
risks,7
notion,7
detailed,7
naming,7
allows,7
alpha,7
linter,7
ends,7
leads,7
leak,7
leaks,7
operation,7
december,7
supporting,7
phase,7
editor,7
loop,7
tree,7
tried,7
traps,7
transform,7
trade,7
million,7
millions,7
arguments,7
approach,7
superset,7
clion,7
closer,7
felt,7
caused,7
carefully,7
send,7
separate,7
05,7
25,7
answered,7
doubt,7
13,7
16,7
simplifying,7
haven,7
fixed,7
weeks,7
08,7
wrong,6
deep,6
22,6
guy,6
handy,6
fluidity,6
accidentally,6
absurd,6
afterward,6
agree,6
finds,6
finish,6
dealing,6
passing,6
password,6
gtk,6
requisites,6
word,6
parallel,6
officially,6
oh,6
patterns,6
delaying,6
dependent,6
nng,6
planning,6
plasma,6
twice,6
criteria,6
passed,6
path,6
triggers,6
trying,6
treatment,6
transaction,6
transformation,6
fall,6
portion,6
named,6
facilitating,6
training,6
arise,6
army,6
alright,6
aim,6
plus,6
pointed,6
destructuring,6
notap,6
tons,6
car,6
knows,6
errors,6
scala,6
scenario,6
chance,6
share,6
catch,6
cd,6
relatively,6
lts,6
machine,6
remove,6
renewing,6
releasing,6
relic,6
earlier,6
rejected,6
approved,6
die,6
talked,6
tend,6
extra,6
consolidated,6
constantly,6
super,6
prefer,6
needing,6
constructed,6
slot,6
slots,6
loops,6
compiling,6
calls,6
simplifies,6
keywords,6
kdevelop,6
kept,6
iterate,6
dive,6
compilation,6
recommend,6
maintainability,6
manage,6
managed,6
executed,6
bigger,6
spread,6
consistency,6
cons,6
evolutions,6
investigate,6
involve,6
mature,6
meaning,6
map,6
questions,6
mess,6
pros,6
stringified,6
attribute,6
event,6
inline,6
studio,6
began,6
succinct,6
disable,6
difficulty,6
preventing,6
direct,6
produce,6
close,6
saying,6
rule,6
workflow,6
2011,6
layer,6
clarity,6
retest,6
letting,6
rewritten,6
restrictions,6
comfortable,6
resharper,6
logic,6
gradual,6
41,6
viable,6
2021,6
goal,6
free,6
values,6
waited,6
operators,6
opportunities,6
opportunity,6
000,6
52,6
gained,6
weekly,6
wrote,5
widespread,5
visual,5
websphere,5
week,5
weigh,5
pipeline,5
override,5
optimization,5
participated,5
09,5
parameter,5
parent,5
parsimony,5
fortran,5
vertically,5
video,5
accept,5
repetition,5
legal,5
commercial,5
result,5
energy,5
retrocompatibility,5
resource,5
respectively,5
responsibility,5
clear,5
rid,5
elaborate,5
elegant,5
clients,5
closely,5
road,5
generates,5
mode,5
continue,5
begin,5
standardized,5
starting,5
behaves,5
stopped,5
associated,5
ask,5
strictly,5
stuck,5
attempt,5
information,5
individual,5
provide,5
providing,5
mechanisms,5
meet,5
members,5
conditions,5
microservice,5
considered,5
considering,5
events,5
solves,5
integrated,5
speak,5
special,5
bindings,5
books,5
discuss,5
consideration,5
discussions,5
discontinued,5
recall,5
divide,5
dot,5
double,5
discussing,5
ready,5
rebuild,5
significant,5
significantly,5
simplifications,5
breaking,5
sharp,5
jetbrains,5
iterators,5
building,5
key,5
slow,5
slower,5
smoother,5
compiles,5
month,5
modified,5
precompiles,5
moving,5
multiple,5
president,5
teams,5
supports,5
extensions,5
incorrect,5
expands,5
experiences,5
extraction,5
facilitate,5
apart,5
appeared,5
architecture,5
thank,5
theoretical,5
determine,5
missing,5
reduction,5
compared,5
easiest,5
duplicate,5
duplicated,5
dynamic,5
second,5
setting,5
causes,5
cars,5
enhancing,5
chain,5
chaining,5
shorter,5
detected,5
delay,5
tooling,5
thousands,5
algorithms,5
aligned,5
tiring,5
fast,5
immediate,5
impacts,5
identify,5
traits,5
feedback,5
couplings,5
correction,5
corrupted,5
copy,5
names,5
1000,5
urgent,5
user,5
unstable,5
transformations,5
helped,5
helpful,5
focused,5
hear,5
horizontally,5
hurry,5
heavy,5
adaptation,5
performed,5
period,5
delays,5
affected,5
agreed,5
financially,5
fits,5
flag,5
flaw,5
flutter,5
generator,5
generic,5
giant,5
glance,5
frequently,5
form,5
format,5
usual,5
fundamental,5
11111,4
46,4
24,4
vellum,4
validated,4
functioning,4
turn,4
transparency,4
trauma,4
transfer,4
tough,4
89,4
800,4
unusable,4
adapting,4
twisted,4
house,4
http,4
holds,4
hope,4
hell,4
headaches,4
cut,4
cuts,4
critically,4
cumbersome,4
additive,4
advantages,4
affect,4
adapted,4
notice,4
departments,4
periodically,4
philosophy,4
dangerous,4
peers,4
pep,4
percent,4
request,4
showcase,4
signals,4
es7,4
essential,4
lacks,4
equals,4
es2015,4
command,4
commonjs,4
communicate,4
codebases,4
cohesive,4
colleague,4
require,4
resell,4
rewrote,4
returns,4
revert,4
lives,4
lint,4
lets,4
libs,4
legacies,4
encapsulate,4
eliminating,4
leaving,4
efforts,4
elegantly,4
elements,4
learnability,4
claims,4
smartpoints,4
calm,4
kernel,4
jobs,4
json,4
builds,4
built,4
broke,4
dry,4
looked,4
looks,4
loss,4
drive,4
competitors,4
solidly,4
solutions,4
renamed,4
relies,4
references,4
reimplemented,4
relate,4
computers,4
refactorings,4
dynamics,4
entity,4
koichi,4
challenging,4
search,4
section,4
selling,4
scripts,4
salary,4
sphere,4
interpreted,4
intuitive,4
involves,4
interacting,4
install,4
insure,4
eventually,4
conservative,4
stakeholder,4
blob,4
blog,4
boilerplate,4
beta,4
bind,4
speaker,4
distribute,4
distributed,4
managers,4
mandatory,4
discontinuing,4
macro,4
mad,4
maintainers,4
browsers,4
shortcut,4
receiving,4
redevelop,4
reduced,4
real,4
disturbs,4
document,4
stream,4
beginning,4
behave,4
stay,4
backward,4
bound,4
branch,4
src,4
qa,4
property,4
products,4
evaluated,4
index,4
asked,4
students,4
studies,4
conference,4
rare,4
reach,4
concatenate,4
meeting,4
meetings,4
qlist,4
qthread,4
excellent,4
exchange,4
execute,4
sonar,4
configuration,4
confused,4
concepts,4
condition,4
testable,4
extent,4
extract,4
express,4
expressive,4
incompatibility,4
tasks,4
technique,4
dimension,4
diminishes,4
determined,4
devel,4
minimal,4
mixed,4
thresholds,4
answers,4
primitive,4
print,4
continuous,4
pressures,4
differ,4
differences,4
differently,4
dimagi,4
programs,4
progressed,4
promises,4
promote,4
privacy,4
problematic,4
procedure,4
producing,4
identical,4
alternative,4
alongside,4
tide,4
topic,4
arising,4
threshold,4
note,4
corporate,4
pluggable,4
track,4
tracking,4
fig,4
figures,4
far,4
immutable,4
pos,4
potentially,4
negotiate,4
multiplicative,4
mypy,4
motive,4
monolith,4
countless,4
technological,4
technologies,4
switched,4
susceptibility,4
consulting,4
consumption,4
press,4
constexpr,4
overwritten,4
pages,4
overcome,4
1200,4
1600,4
19f7ce7895fdf928ec7a4df4fc14cd371de5ecd6,4
2003,4
forward,4
declaring,4
decoration,4
decotype,4
october,4
offer,4
notifies,4
notorious,4
numbers,4
crashing,4
parse,4
participant,4
dedicated,4
defined,4
degradation,4
debates,4
decade,4
upload,4
flexibility,4
flow,4
happily,4
greater,4
guides,4
aging,4
unnecessary,4
saves,4
rough,4
sacrifices,4
clearly,4
risky,4
enable,4
enabled,4
enabling,4
58,4
furthermore,4
gave,4
generating,4
wordiness,4
willing,4
sasada,4
save,4
xp,4
03,4
12345,4
waste,4
weak,4
wants,4
49,4
51,4
freelancer,4
freeze,4
forces,4
formatting,4
forced,4
accessing,4
originally,4
welcome,4
acting,3
operations,3
acquire,3
18,3
19,3
achieve,3
account,3
2013,3
wholly,3
upstream,3
upping,3
opposite,3
organizations,3
weighed,3
unlikely,3
grasp,3
group,3
adaptations,3
adjust,3
adjustment,3
administrator,3
advantageous,3
parallelism,3
particularly,3
passes,3
crashes,3
crazy,3
decides,3
decreasing,3
def,3
defended,3
vice,3
26,3
35,3
watched,3
verification,3
versatile,3
ultimately,3
unbelievably,3
understandable,3
honest,3
honestly,3
hours,3
html,3
head,3
hey,3
hibernate,3
highly,3
hint,3
hints,3
tricky,3
fn,3
followed,3
foo,3
plan,3
planned,3
plausible,3
pick,3
pieces,3
pillars,3
pipelines,3
damaged,3
perks,3
phases,3
curve,3
transition,3
translates,3
translating,3
transpile,3
implies,3
totally,3
toy,3
traces,3
fail,3
fashion,3
fault,3
favor,3
ideal,3
identifier,3
ie8,3
images,3
immutability,3
ponder,3
cooler,3
cooperated,3
coordinate,3
corporative,3
plays,3
plugin,3
des,3
nfe_dilemma,3
normal,3
degrading,3
allowed,3
allowing,3
altered,3
altering,3
ambition,3
ambitious,3
analyzes,3
annotated,3
aimed,3
al,3
aligns,3
args,3
arguing,3
thousand,3
tostring,3
text,3
thanks,3
answering,3
anti,3
applying,3
naturally,3
nearly,3
necessity,3
portuguese,3
modifications,3
monitoring,3
monitors,3
corresponds,3
costly,3
crashed,3
extracting,3
tells,3
templated,3
terrible,3
exists,3
expressiveness,3
expressivity,3
extended,3
improper,3
syntactical,3
tab,3
taken,3
automates,3
suggested,3
supposedly,3
surpassed,3
swear,3
evaluation,3
atom,3
attitude,3
attributes,3
insecure,3
instability,3
established,3
et,3
inherit,3
init,3
initiative,3
difference,3
direction,3
missed,3
mistake,3
model,3
device,3
constraints,3
containing,3
presented,3
independent,3
infer,3
assessed,3
assignment,3
assume,3
assurance,3
substantial,3
beings,3
stops,3
store,3
strangling,3
strategy,3
provokes,3
prs,3
public,3
pull,3
purpose,3
puts,3
properties,3
proposal,3
prove,3
providers,3
prioritize,3
processing,3
professional,3
promoting,3
convince,3
pretended,3
primary,3
backwards,3
banking,3
barrier,3
state,3
statments,3
steps,3
avoiding,3
boundfn,3
brackets,3
spring,3
square,3
stand,3
standardizing,3
standards,3
spend,3
spoke,3
binary,3
binding,3
blink,3
merge,3
middle,3
migrations,3
milestones,3
military,3
quebec,3
maven,3
mechanical,3
drastic,3
mapping,3
masses,3
putting,3
qt5,3
interactive,3
internally,3
internet,3
investment,3
spelled,3
integrate,3
intention,3
solved,3
somewhat,3
space,3
exceptions,3
sleep,3
smoothly,3
solely,3
kiro,3
justification,3
kdab,3
iterator,3
july,3
buggy,3
iterations,3
react,3
reasonable,3
reasoning,3
received,3
discussion,3
disruptive,3
connect,3
consist,3
mailing,3
mainstream,3
rarely,3
concatenation,3
concurrent,3
configurations,3
similarly,3
breaches,3
breaks,3
breath,3
bringing,3
labplot,3
lang,3
shortened,3
shown,3
signatures,3
envied,3
environmental,3
es2017,3
eslint,3
labor,3
entirely,3
lucky,3
luddite,3
comprehensibility,3
duration,3
ease,3
easiness,3
eclipse,3
ecmascript,3
effect,3
looking,3
drawbacks,3
competition,3
settled,3
cantor,3
caps,3
career,3
causing,3
schedules,3
scientific,3
se,3
seeing,3
semantical,3
sensitive,3
root,3
routine,3
sacrifice,3
role,3
element,3
eliminates,3
ember,3
clazy,3
leading,3
leaps,3
learn,3
chat,3
classic,3
requires,3
cmake,3
collectivity,3
replacement,3
reported,3
represent,3
representing,3
reproduce,3
requirement,3
rename,3
repeating,3
rely,3
resolves,3
retain,3
reverted,3
literals,3
live,3
liveperson,3
location,3
logs,3
levels,3
linked,3
engines,3
lectures,3
length,3
flawed,3
unproductive,3
unsafe,3
unwanted,3
wonder,3
half,3
handle,3
financial,3
fixing,3
paradigm,3
occurrence,3
overall,3
package,3
fully,3
actions,3
actively,3
activities,3
foreach,3
formally,3
formatted,3
warrant,3
words,3
worrying,3
futures,3
gears,3
500,3
goodbye,2
www,2
funny,2
generation,2
59,2
voted,2
waiting,2
walrus,2
walter,2
warns,2
warranty,2
force,2
formal,2
freedom,2
frequency,2
fresh,2
friends,2
fstrings,2
gps,2
action,2
degraded,2
params,2
partly,2
addition,2
additionally,2
address,2
undesired,2
grazia,2
versioning,2
400,2
40a2aee94,2
43,2
occurs,2
offered,2
dates,2
dead,2
uncomfortable,2
undergo,2
utils,2
validation,2
valuable,2
various,2
vectors,2
verified,2
hierarchy,2
hold,2
hooray,2
humanly,2
huuuge,2
typle,2
ule,2
uncertain,2
coded,2
characteristics,2
chase,2
children,2
chose,2
chrome,2
clarify,2
clean,2
remarkable,2
repeat,2
representative,2
requirements,2
requisitions,2
reselling,2
reserved,2
closest,2
reflecting,2
regret,2
reinforced,2
releases,2
relying,2
remain,2
remained,2
remains,2
lombok,2
restraint,2
resulted,2
revisit,2
rising,2
computing,2
reevaluation,2
refactored,2
care,2
causality,2
caution,2
ceases,2
cell,2
shaking,2
kwidgetsaddons,2
l736,2
safari,2
safely,2
safest,2
scarse,2
scope,2
scott,2
sequence,2
serialized,2
emphasize,2
emphasizes,2
encoded,2
encountered,2
encouraged,2
roll,2
ronca,2
runs,2
laws,2
lazy,2
leader,2
electronic,2
elses,2
elsevier,2
embedded,2
emergence,2
entry,2
enumerations,2
enums,2
equivalent,2
es,2
es2020,2
establish,2
late,2
effectively,2
efficient,2
lowered,2
completion,2
component,2
enjoy,2
enjoyed,2
enter,2
complaints,2
complement,2
complete,2
driven,2
drop,2
droppable,2
dropping,2
editors,2
l741,2
reduces,2
comparable,2
comparison,2
compat,2
compilers,2
complain,2
complaining,2
bytes,2
c17,2
caixa,2
io,2
items,2
jackson,2
jetbrain,2
jolla,2
distribution,2
distrust,2
django,2
dotnet,2
reader,2
recognizes,2
redo,2
bundle,2
config,2
connections,2
consequently,2
considerably,2
reaches,2
majority,2
manipulations,2
discusses,2
shortens,2
signature,2
broader,2
bubbles,2
budget,2
radical,2
concept,2
concerned,2
evident,2
execution,2
installed,2
instructions,2
integrity,2
intensity,2
interactions,2
interpreter,2
slowly,2
snippet,2
snippets,2
social,2
soluble,2
someday,2
spaghetti,2
spare,2
kill,2
kjob,2
knowing,2
calligra,2
sizes,2
skeptical,2
skip,2
skipping,2
jsf,2
jump,2
junior,2
jvm,2
kangax,2
kbibtex,2
kick,2
kid3,2
bomb,2
standing,2
startups,2
stick,2
stl,2
ballot,2
bank,2
banks,2
meddling,2
media,2
mendonça,2
michael,2
qvector,2
spot,2
beneficial,2
boiler,2
doubles,2
download,2
doxygen,2
drag,2
martin,2
master,2
maturation,2
maximum,2
investing,2
speeding,2
qfutures,2
qobject,2
qsignalmapper,2
qt6,2
qtconcurrent,2
qthreads,2
submitted,2
suddenly,2
array,2
arrives,2
article,2
asking,2
atm,2
incur,2
purchase,2
behaviors,2
straight,2
strange,2
streamline,2
strict,2
stronger,2
struts,2
productive,2
prohibiting,2
promoted,2
properly,2
protected,2
protection,2
provided,2
proximity,2
barely,2
beginners,2
contrast,2
controversial,2
convention,2
prettier,2
prevents,2
privileges,2
disadvantaged,2
modernisations,2
modernise,2
contextually,2
inflection,2
influence,2
initialize,2
initializers,2
containers,2
contextual,2
mix,2
mod,2
dev,2
devs,2
director,2
dis,2
precaution,2
preferably,2
preference,2
preprint,2
presents,2
preset,2
consolidation,2
contact,2
indicate,2
indirection,2
inertia,2
infamous,2
inference,2
practical,2
pradel,2
pre,2
increment,2
explain,2
explode,2
extensively,2
f519ce07,2
temporal,2
temporally,2
tends,2
importantly,2
imposed,2
impure,2
inaudible,2
includes,2
incompatible,2
incorporating,2
increased,2
autocompletion,2
summarize,2
synchronous,2
synchronously,2
tag,2
tamper,2
teach,2
importance,2
inject,2
innovations,2
input,2
establishing,2
europe,2
evaluates,2
authentication,2
author,2
april,2
thrift,2
timeline,2
toolset,2
topless,2
agreement,2
aid,2
akademy,2
namespaces,2
native,2
navigate,2
position,2
postpone,2
pouchdb,2
annoyed,2
appearing,2
motivated,2
motivates,2
motivating,2
motivations,2
mount,2
moved,2
mylist,2
mylisy,2
corrected,2
corrupt,2
count,2
counting,2
court,2
modes,2
modifying,2
moments,2
identifies,2
ii,2
facilities,2
factories,2
famous,2
favour,2
feels,2
field,2
played,2
pmf,2
pointer,2
policies,2
ported,2
coordinated,2
corner,2
ia,2
deployed,2
deprecation,2
depreciate,2
description,2
destroys,2
details,2
detections,2
notably,2
algorithmically,2
align,2
nodes,2
deleted,2
deliver,2
delivery,2
dependents,2
deploy,2
net,2
newcomers,2
news,2
triggered,2
truly,2
tse,2
turns,2
heavily,2
performing,2
pervasive,2
phrase,2
picture,2
placing,2
plain,2
plate,2
play,2
cross,2
culture,2
curiosity,2
curves,2
customary,2
cyclic,2
payment,2
perfectly,2
implementations,2
transforming,2
transpiled,2
trello,2
tributed,2
trickles,2
creation,2
creator,2
acceleration,2
widely,2
2007,2
achieving,2
200,2
act,2
45,2
output,2
widgets,2
65,2
84,2
88,2
90,2
_outside_,2
abandon,2
abstraction,2
operating,2
wary,2
opportune,2
option,2
oracle,2
organize,2
oriented,2
outer,2
greatly,2
guidelines,2
habits,2
0526,2
034e0b7b,2
02,2
degrades,2
ongoing,2
leveraging,2
liability,2
licensing,2
lightweight,2
limited,2
local,2
lock,2
locked,2
upgraded,2
upgrading,2
colon,2
commits,2
encryption,2
engaged,2
engineering,2
lengths,2
numpy,2
observable,2
obvious,2
hadn,2
handling,2
findings,2
fit,2
floating,2
outside,2
overflow,2
overhead,2
overwrite,2
page,2
paper,2
noticed,2
notified,2
